"Bouquet","2020-11-27","157-2178 Quisque Ave","1111","1","12301"
"Bouquet","2020-11-29","580-8211 Feugiat Street","1212","2","12302"
"Bouquet","2020-12-12","230-3537 Donec Street","1000","2","12305"
"Bouquet","2020-12-10","7356 Nec Rd.","2000","3","12304"
"Bouqet","2020-12-12","44 Shippenst.","1222","4","12303"
"Bouqet","2020-11-29","55 Broad St.","4444","4","12306"
"Potted Plant","2020-12-12","273-1485 Proin St.","3244","5","12307"
"Potted Plant","2020-11-29","159-4513 Purus, Ave","6465","6","12308"
"Potted Plant","2020-12-12","955-5580 Dui, Ave","2351","1","12309"
"Potted Plant","2020-12-10","1555 Vel Street","3142","6","12310"
"Potted Plant","2020-12-12"," 7311 Massa Street","2353","5","12311"
"Potted Plant","2020-11-22","223-8242 Id Avenue","9878","4","12312"
"Boutonniere","2020-12-12","234 Evergreen Ave","5634","3","12313"
"Boutonniere","2020-11-29","2555 In Road","6575","1","12314"
"Boutonniere","2020-12-15","1234 Pallisade ave","8765","2","12315"
"Boutonniere","2020-12-19","14 Flippin dr.","1002","5","12317"
"Boutonniere","2020-12-10","88 9th st","12318","6","12318"
"Centerpiece","2020-12-15"," 5654 Aliquet Avenue","8686","4","12319"
"Centerpiece","2020-12-10","8853 Maecenas Rd.","8769","5","12320"
"Centerpiece","2020-12-12","234 New rd","7572","4","12316"
"Centerpiece","2020-12-10","55 Marshal ave.","3141","5","12315"
